id,school,mascot,abbreviation,alternateNames,conference,division,classification,color,alternateColor,logos,twitter,location
2005,Air Force,Falcons,AF,"['AF', 'Air Force']",Mountain West,,fbs,#004a7b,#ffffff,"['http://a.espncdn.com/i/teamlogos/ncaa/500/2005.png', 'http://a.espncdn.com/i/teamlogos/ncaa/500-dark/2005.png']",@AF_Football,"{'id': 3713, 'name': 'Falcon Stadium', 'city': 'Colorado Springs', 'state': 'CO', 'zip': '80840', 'countryCode': 'US', 'timezone': 'America/Denver', 'latitude': 38.9969701, 'longitude': -104.8436165, 'elevation': '2024.875732', 'capacity': 46692, 'constructionYear': 1962, 'grass': False, 'dome': False}"
2006,Akron,Zips,AKR,"['AKR', 'Akron']",Mid-American,,fbs,#00285e,#84754e,"['http://a.espncdn.com/i/teamlogos/ncaa/500/2006.png', 'http://a.espncdn.com/i/teamlogos/ncaa/500-dark/2006.png']",@ZipsFB,"{'id': 3768, 'name': 'InfoCision Stadium', 'city': 'Akron', 'state': 'OH', 'zip': '44399', 'countryCode': 'US', 'timezone': 'America/New_York', 'latitude': 41.0725534, 'longitude': -81.5083408, 'elevation': '321.2875061', 'capacity': 30000, 'constructionYear': 2009, 'grass': False, 'dome': False}"
333,Alabama,Crimson Tide,ALA,"['ALA', 'Alabama']",SEC,,fbs,#9e1632,#ffffff,"['http://a.espncdn.com/i/teamlogos/ncaa/500/333.png', 'http://a.espncdn.com/i/teamlogos/ncaa/500-dark/333.png']",@AlabamaFTBL,"{'id': 3657, 'name': 'Bryant-Denny Stadium', 'city': 'Tuscaloosa', 'state': 'AL', 'zip': '35487', 'countryCode': 'US', 'timezone': 'America/Chicago', 'latitude': 33.2082752, 'longitude': -87.5503836, 'elevation': '70.05136108', 'capacity': 101821, 'constructionYear': 1929, 'grass': True, 'dome': False}"
2026,App State,Mountaineers,APP,"['Appalachian State', 'APP', 'App State']",Sun Belt,East,fbs,#ffcc00,#222222,"['http://a.espncdn.com/i/teamlogos/ncaa/500/2026.png', 'http://a.espncdn.com/i/teamlogos/ncaa/500-dark/2026.png']",@AppState_FB,"{'id': 3792, 'name': 'Kidd Brewer Stadium', 'city': 'Boone', 'state': 'NC', 'zip': '28608', 'countryCode': 'US', 'timezone': 'America/New_York', 'latitude': 36.2114267, 'longitude': -81.6854278, 'elevation': '991.3414307', 'capacity': 30000, 'constructionYear': 1962, 'grass': False, 'dome': False}"
12,Arizona,Wildcats,ARIZ,"['ARIZ', 'Arizona']",Big 12,,fbs,#0c234b,#ab0520,"['http://a.espncdn.com/i/teamlogos/ncaa/500/12.png', 'http://a.espncdn.com/i/teamlogos/ncaa/500-dark/12.png']",@ArizonaFBall,"{'id': 3619, 'name': 'Arizona Stadium', 'city': 'Tucson', 'state': 'AZ', 'zip': '85721', 'countryCode': 'US', 'timezone': 'America/Phoenix', 'latitude': 32.2288054, 'longitude': -110.9488677, 'elevation': '742.1530151', 'capacity': 50782, 'constructionYear': 1928, 'grass': False, 'dome': False}"
9,Arizona State,Sun Devils,ASU,"['ASU', 'Arizona St']",Big 12,,fbs,#8e0c3a,#ffc72c,"['http://a.espncdn.com/i/teamlogos/ncaa/500/9.png', 'http://a.espncdn.com/i/teamlogos/ncaa/500-dark/9.png']",@ASUFootball,"{'id': 3947, 'name': 'Mountain America Stadium', 'city': 'Tempe', 'state': 'AZ', 'zip': '85287', 'countryCode': 'US', 'timezone': 'America/Phoenix', 'latitude': 33.4264471, 'longitude': -111.9325005, 'elevation': '360.1569519', 'capacity': 65870, 'constructionYear': 1958, 'grass': True, 'dome': False}"
8,Arkansas,Razorbacks,ARK,"['ARK', 'Arkansas']",SEC,,fbs,#a41f35,#ffffff,"['http://a.espncdn.com/i/teamlogos/ncaa/500/8.png', 'http://a.espncdn.com/i/teamlogos/ncaa/500-dark/8.png']",@RazorbackFB,"{'id': 3887, 'name': 'Razorback Stadium', 'city': 'Fayetteville', 'state': 'AR', 'zip': '72702', 'countryCode': 'US', 'timezone': 'America/Chicago', 'latitude': 36.0680662, 'longitude': -94.1789534, 'elevation': '403.7972412', 'capacity': 80000, 'constructionYear': 1938, 'grass': False, 'dome': False}"
2032,Arkansas State,Red Wolves,ARST,"['ARST', 'Arkansas St']",Sun Belt,West,fbs,#e81018,#000000,"['http://a.espncdn.com/i/teamlogos/ncaa/500/2032.png', 'http://a.espncdn.com/i/teamlogos/ncaa/500-dark/2032.png']",@AStateFB,"{'id': 3625, 'name': 'Centennial Bank Stadium', 'city': 'Jonesboro', 'state': 'AR', 'zip': '72404', 'countryCode': 'US', 'timezone': 'America/Chicago', 'latitude': 35.8488977, 'longitude': -90.6677436, 'elevation': '89.52690887', 'capacity': 30382, 'constructionYear': 1974, 'grass': False, 'dome': False}"
349,Army,Black Knights,ARMY,"['ARMY', 'Army']",American Athletic,,fbs,#ce9c00,#231f20,"['http://a.espncdn.com/i/teamlogos/ncaa/500/349.png', 'http://a.espncdn.com/i/teamlogos/ncaa/500-dark/349.png']",@ArmyWP_Football,"{'id': 3841, 'name': 'Michie Stadium', 'city': 'West Point', 'state': 'NY', 'zip': '10996', 'countryCode': 'US', 'timezone': 'America/New_York', 'latitude': 41.3874924, 'longitude': -73.9640891, 'elevation': '99.21277618', 'capacity': 38000, 'constructionYear': 1924, 'grass': False, 'dome': False}"
2,Auburn,Tigers,AUB,"['AUB', 'Auburn']",SEC,,fbs,#002b5c,#f26522,"['http://a.espncdn.com/i/teamlogos/ncaa/500/2.png', 'http://a.espncdn.com/i/teamlogos/ncaa/500-dark/2.png']",@AuburnFootball,"{'id': 3785, 'name': 'Jordan-Hare Stadium', 'city': 'Auburn', 'state': 'AL', 'zip': '36849', 'countryCode': 'US', 'timezone': 'America/Chicago', 'latitude': 32.6025532, 'longitude': -85.4897479, 'elevation': '201.1737976', 'capacity': 87451, 'constructionYear': 1939, 'grass': True, 'dome': False}"
2050,Ball State,Cardinals,BALL,"['BALL', 'Ball State']",Mid-American,,fbs,#DA0000,#ffffff,"['http://a.espncdn.com/i/teamlogos/ncaa/500/2050.png', 'http://a.espncdn.com/i/teamlogos/ncaa/500-dark/2050.png']",@BallStateFB,"{'id': 3919, 'name': 'Scheumann Stadium', 'city': 'Muncie', 'state': 'IN', 'zip': '47306', 'countryCode': 'US', 'timezone': 'America/Indiana/Indianapolis', 'latitude': 40.2159422, 'longitude': -85.4161148, 'elevation': '285.481781', 'capacity': 22500, 'constructionYear': 1967, 'grass': False, 'dome': False}"
239,Baylor,Bears,BAY,"['BAY', 'Baylor']",Big 12,,fbs,#154734,#ffb81c,"['http://a.espncdn.com/i/teamlogos/ncaa/500/239.png', 'http://a.espncdn.com/i/teamlogos/ncaa/500-dark/239.png']",@BUFootball,"{'id': 4727, 'name': 'McLane Stadium', 'city': 'Waco', 'state': 'TX', 'zip': '76704', 'countryCode': 'US', 'timezone': 'America/Chicago', 'latitude': 31.5582015, 'longitude': -97.1156702, 'elevation': '117.0538101', 'capacity': 45140, 'constructionYear': 2014, 'grass': False, 'dome': False}"
68,Boise State,Broncos,BOIS,"['BOIS', 'Boise St']",Mountain West,,fbs,#0033a0,#fa4616,"['http://a.espncdn.com/i/teamlogos/ncaa/500/68.png', 'http://a.espncdn.com/i/teamlogos/ncaa/500-dark/68.png']",@BroncoSportsFB,"{'id': 3653, 'name': 'Albertsons Stadium', 'city': 'Boise', 'state': 'ID', 'zip': '83725', 'countryCode': 'US', 'timezone': 'America/Boise', 'latitude': 43.6028839, 'longitude': -116.1958882, 'elevation': '823.2221069', 'capacity': 36387, 'constructionYear': 1970, 'grass': False, 'dome': False}"
103,Boston College,Eagles,BC,"['BC', 'Boston College']",ACC,,fbs,#8c2232,#dbcca6,"['http://a.espncdn.com/i/teamlogos/ncaa/500/103.png', 'http://a.espncdn.com/i/teamlogos/ncaa/500-dark/103.png']",@BCFootball,"{'id': 3615, 'name': 'Alumni Stadium (Chestnut Hill, MA)', 'city': 'Chestnut Hill', 'state': 'MA', 'zip': '2467 ', 'countryCode': 'US', 'timezone': 'America/New_York', 'latitude': 42.335104, 'longitude': -71.1664413, 'elevation': '39.82634354', 'capacity': 44500, 'constructionYear': 1957, 'grass': False, 'dome': False}"
189,Bowling Green,Falcons,BGSU,"['Bowling Green State', 'BGSU', 'Bowling Green']",Mid-American,,fbs,#2b1000,#492000,"['http://a.espncdn.com/i/teamlogos/ncaa/500/189.png', 'http://a.espncdn.com/i/teamlogos/ncaa/500-dark/189.png']",@BG_Football,"{'id': 3700, 'name': 'Doyt L. Perry Stadium', 'city': 'Bowling Green', 'state': 'OH', 'zip': '43403', 'countryCode': 'US', 'timezone': 'America/New_York', 'latitude': 41.3780114, 'longitude': -83.6225, 'elevation': '205.9057465', 'capacity': 24000, 'constructionYear': 1966, 'grass': False, 'dome': False}"
2084,Buffalo,Bulls,BUF,"['BUF', 'Buffalo']",Mid-American,,fbs,#041A9B,#ebebeb,"['http://a.espncdn.com/i/teamlogos/ncaa/500/2084.png', 'http://a.espncdn.com/i/teamlogos/ncaa/500-dark/2084.png']",@UBFootball,"{'id': 3965, 'name': 'UB Stadium', 'city': 'Amherst', 'state': 'NY', 'zip': '14260', 'countryCode': 'US', 'timezone': 'America/New_York', 'latitude': 42.9991334, 'longitude': -78.7775113, 'elevation': '181.5759735', 'capacity': 30270, 'constructionYear': 1993, 'grass': False, 'dome': False}"
252,BYU,Cougars,BYU,"['Brigham Young', 'BYU', 'BYU']",Big 12,,fbs,#003da5,#ffffff,"['http://a.espncdn.com/i/teamlogos/ncaa/500/252.png', 'http://a.espncdn.com/i/teamlogos/ncaa/500-dark/252.png']",@BYUFootball,"{'id': 3801, 'name': 'LaVell Edwards Stadium', 'city': 'Provo', 'state': 'UT', 'zip': '84602', 'countryCode': 'US', 'timezone': 'America/Denver', 'latitude': 40.2575347, 'longitude': -111.6545247, 'elevation': '1412.097046', 'capacity': 63470, 'constructionYear': 1964, 'grass': True, 'dome': False}"
25,California,Golden Bears,CAL,"['CAL', 'California']",ACC,,fbs,#031522,#ffc423,"['http://a.espncdn.com/i/teamlogos/ncaa/500/25.png', 'http://a.espncdn.com/i/teamlogos/ncaa/500-dark/25.png']",@CalFootball,"{'id': 3831, 'name': 'California Memorial Stadium', 'city': 'Berkeley', 'state': 'CA', 'zip': '94720', 'countryCode': 'US', 'timezone': 'America/Los_Angeles', 'latitude': 37.8710434, 'longitude': -122.2507729, 'elevation': '125.3108063', 'capacity': 62467, 'constructionYear': 1923, 'grass': False, 'dome': False}"
2117,Central Michigan,Chippewas,CMU,"['CMU', 'C Michigan']",Mid-American,,fbs,#6a0032,#ffc82e,"['http://a.espncdn.com/i/teamlogos/ncaa/500/2117.png', 'http://a.espncdn.com/i/teamlogos/ncaa/500-dark/2117.png']",@CMU_Football,"{'id': 3786, 'name': 'Kelly/Shorts Stadium', 'city': 'Mount Pleasant', 'state': 'MI', 'zip': '48859', 'countryCode': 'US', 'timezone': 'America/Detroit', 'latitude': 43.5777313, 'longitude': -84.7709904, 'elevation': '240.9007721', 'capacity': 30255, 'constructionYear': 1972, 'grass': False, 'dome': False}"
2429,Charlotte,49ers,CLT,"['CLT', 'Charlotte']",American Athletic,,fbs,#046A38,#B9975B,"['http://a.espncdn.com/i/teamlogos/ncaa/500/2429.png', 'http://a.espncdn.com/i/teamlogos/ncaa/500-dark/2429.png']",@CharlotteFTBL,"{'id': 4418, 'name': 'Jerry Richardson Stadium', 'city': 'Charlotte', 'state': 'NC', 'zip': '28223', 'countryCode': 'US', 'timezone': 'America/New_York', 'latitude': 35.3105033, 'longitude': -80.7401194, 'elevation': '190.365509', 'capacity': 15300, 'constructionYear': 2013, 'grass': False, 'dome': False}"
2132,Cincinnati,Bearcats,CIN,"['CIN', 'Cincinnati']",Big 12,,fbs,#E00122,#000000,"['http://a.espncdn.com/i/teamlogos/ncaa/500/2132.png', 'http://a.espncdn.com/i/teamlogos/ncaa/500-dark/2132.png']",@GoBearcatsFB,"{'id': 3854, 'name': 'Nippert Stadium', 'city': 'Cincinnati', 'state': 'OH', 'zip': '45221', 'countryCode': 'US', 'timezone': 'America/New_York', 'latitude': 39.1312495, 'longitude': -84.5161913, 'elevation': '230.0660553', 'capacity': 40000, 'constructionYear': 1915, 'grass': False, 'dome': False}"
228,Clemson,Tigers,CLEM,"['CLEM', 'Clemson']",ACC,,fbs,#f56600,#522d80,"['http://a.espncdn.com/i/teamlogos/ncaa/500/228.png', 'http://a.espncdn.com/i/teamlogos/ncaa/500-dark/228.png']",@ClemsonFB,"{'id': 3836, 'name': 'Memorial Stadium (Clemson, SC)', 'city': 'Clemson', 'state': 'SC', 'zip': '29634', 'countryCode': 'US', 'timezone': 'America/New_York', 'latitude': 34.6787737, 'longitude': -82.8432428, 'elevation': '205.6452179', 'capacity': 81500, 'constructionYear': 1942, 'grass': True, 'dome': False}"
324,Coastal Carolina,Chanticleers,CCU,"['CCU', 'Coastal']",Sun Belt,East,fbs,#007073,#876447,"['http://a.espncdn.com/i/teamlogos/ncaa/500/324.png', 'http://a.espncdn.com/i/teamlogos/ncaa/500-dark/324.png']",@CoastalFootball,"{'id': 3654, 'name': 'Brooks Stadium (SC)', 'city': 'Conway', 'state': 'SC', 'zip': '29528', 'countryCode': 'US', 'timezone': 'America/New_York', 'latitude': 33.7928506, 'longitude': -79.0166946, 'elevation': '13.74894905', 'capacity': 21000, 'constructionYear': 2003, 'grass': False, 'dome': False}"
38,Colorado,Buffaloes,COLO,"['COLO', 'Colorado']",Big 12,,fbs,#CFB87C,#000000,"['http://a.espncdn.com/i/teamlogos/ncaa/500/38.png', 'http://a.espncdn.com/i/teamlogos/ncaa/500-dark/38.png']",@CUBuffsFootball,"{'id': 3726, 'name': 'Folsom Field', 'city': 'Boulder', 'state': 'CO', 'zip': '80309', 'countryCode': 'US', 'timezone': 'America/Denver', 'latitude': 40.0094746, 'longitude': -105.266905, 'elevation': '1634.041138', 'capacity': 50183, 'constructionYear': 1924, 'grass': True, 'dome': False}"
36,Colorado State,Rams,CSU,"['CSU', 'Colorado St']",Mountain West,,fbs,#1e4d2b,#c8c372,"['http://a.espncdn.com/i/teamlogos/ncaa/500/36.png', 'http://a.espncdn.com/i/teamlogos/ncaa/500-dark/36.png']",@CSUFootball,"{'id': 5388, 'name': 'Canvas Stadium', 'city': 'Fort Collins', 'state': 'CO', 'zip': '80521', 'countryCode': 'US', 'timezone': 'America/Denver', 'latitude': 40.570015, 'longitude': -105.088435, 'elevation': '1528.4', 'capacity': 36500, 'constructionYear': 2017, 'grass': False, 'dome': False}"
48,Delaware,Blue Hens,DEL,"['DEL', 'Delaware']",Conference USA,,fbs,#033594,#e8ce31,"['http://a.espncdn.com/i/teamlogos/ncaa/500/48.png', 'http://a.espncdn.com/i/teamlogos/ncaa/500-dark/48.png']",@DelawareFB,"{'id': 3695, 'name': 'Delaware Stadium', 'city': 'Newark', 'state': 'DE', 'zip': '19713', 'countryCode': 'US', 'timezone': 'America/New_York', 'latitude': 39.6617428, 'longitude': -75.7488224, 'elevation': '28.74350357', 'capacity': 22000, 'constructionYear': 1952, 'grass': False, 'dome': False}"
150,Duke,Blue Devils,DUKE,"['DUKE', 'Duke']",ACC,,fbs,#013088,#ffffff,"['http://a.espncdn.com/i/teamlogos/ncaa/500/150.png', 'http://a.espncdn.com/i/teamlogos/ncaa/500-dark/150.png']",@DukeFootball,"{'id': 3982, 'name': 'Wallace Wade Stadium', 'city': 'Durham', 'state': 'NC', 'zip': '27708', 'countryCode': 'US', 'timezone': 'America/New_York', 'latitude': 35.9953688, 'longitude': -78.9417564, 'elevation': '103.0028152', 'capacity': 40004, 'constructionYear': 1929, 'grass': True, 'dome': False}"
151,East Carolina,Pirates,ECU,"['ECU', 'East Carolina']",American Athletic,,fbs,#4b1869,#f0907b,"['http://a.espncdn.com/i/teamlogos/ncaa/500/151.png', 'http://a.espncdn.com/i/teamlogos/ncaa/500-dark/151.png']",@ECUPiratesFB,"{'id': 3699, 'name': 'Dowdy-Ficklen Stadium', 'city': 'Greenville', 'state': 'NC', 'zip': '27858', 'countryCode': 'US', 'timezone': 'America/New_York', 'latitude': 35.5968486, 'longitude': -77.364564, 'elevation': '19.0564537', 'capacity': 50000, 'constructionYear': 1963, 'grass': True, 'dome': False}"
2199,Eastern Michigan,Eagles,EMU,"['EMU', 'E Michigan']",Mid-American,,fbs,#00331b,#f0f0f0,"['http://a.espncdn.com/i/teamlogos/ncaa/500/2199.png', 'http://a.espncdn.com/i/teamlogos/ncaa/500-dark/2199.png']",@EMUFB,"{'id': 3912, 'name': 'Rynearson Stadium', 'city': 'Ypsilanti', 'state': 'MI', 'zip': '48197', 'countryCode': 'US', 'timezone': 'America/Detroit', 'latitude': 42.256126, 'longitude': -83.647285, 'elevation': '241.248764', 'capacity': 30200, 'constructionYear': 1969, 'grass': False, 'dome': False}"
57,Florida,Gators,FLA,"['FLA', 'Florida']",SEC,,fbs,#0021a5,#fa4616,"['http://a.espncdn.com/i/teamlogos/ncaa/500/57.png', 'http://a.espncdn.com/i/teamlogos/ncaa/500-dark/57.png']",@GatorsFB,"{'id': 3634, 'name': 'Ben Hill Griffin Stadium', 'city': 'Gainesville', 'state': 'FL', 'zip': '32653', 'countryCode': 'US', 'timezone': 'America/New_York', 'latitude': 29.6499357, 'longitude': -82.3485788, 'elevation': '44.97250748', 'capacity': 88548, 'constructionYear': 1930, 'grass': True, 'dome': False}"
2226,Florida Atlantic,Owls,FAU,"['FAU', 'FAU']",American Athletic,,fbs,#00447c,#d31245,"['http://a.espncdn.com/i/teamlogos/ncaa/500/2226.png', 'http://a.espncdn.com/i/teamlogos/ncaa/500-dark/2226.png']",@FAUFootball,"{'id': 3715, 'name': 'FAU Stadium', 'city': 'Boca Raton', 'state': 'FL', 'zip': '33499', 'countryCode': 'US', 'timezone': 'America/New_York', 'latitude': 26.3763763, 'longitude': -80.1015759, 'elevation': '3.613628864', 'capacity': 29419, 'constructionYear': 2011, 'grass': False, 'dome': False}"
2229,Florida International,Panthers,FIU,"['Florida Intl', 'FIU', 'FIU']",Conference USA,,fbs,#001538,#c5960c,"['http://a.espncdn.com/i/teamlogos/ncaa/500/2229.png', 'http://a.espncdn.com/i/teamlogos/ncaa/500-dark/2229.png']",@FIUFootball,"{'id': 2031, 'name': 'Pitbull Stadium', 'city': 'Miami', 'state': 'FL', 'zip': None, 'countryCode': 'US', 'timezone': None, 'latitude': None, 'longitude': None, 'elevation': None, 'capacity': None, 'constructionYear': None, 'grass': None, 'dome': False}"
52,Florida State,Seminoles,FSU,"['FSU', 'Florida St']",ACC,,fbs,#782f40,#ceb888,"['http://a.espncdn.com/i/teamlogos/ncaa/500/52.png', 'http://a.espncdn.com/i/teamlogos/ncaa/500-dark/52.png']",@FSUFootball,"{'id': 3697, 'name': 'Doak Campbell Stadium', 'city': 'Tallahassee', 'state': 'FL', 'zip': '32306', 'countryCode': 'US', 'timezone': 'America/New_York', 'latitude': 30.4381692, 'longitude': -84.3044032, 'elevation': '19.55942535', 'capacity': 67277, 'constructionYear': 1950, 'grass': True, 'dome': False}"
278,Fresno State,Bulldogs,FRES,"['FRES', 'Fresno St']",Mountain West,,fbs,#db0032,#002e6d,"['http://a.espncdn.com/i/teamlogos/ncaa/500/278.png', 'http://a.espncdn.com/i/teamlogos/ncaa/500-dark/278.png']",@FresnoStateFB,"{'id': 3660, 'name': ""Valley Children's Stadium"", 'city': 'Fresno', 'state': 'CA', 'zip': '93740', 'countryCode': 'US', 'timezone': 'America/Los_Angeles', 'latitude': 36.8143527, 'longitude': -119.7580092, 'elevation': '102.564064', 'capacity': 41031, 'constructionYear': 1980, 'grass': False, 'dome': False}"
61,Georgia,Bulldogs,UGA,"['UGA', 'Georgia']",SEC,,fbs,#ba0c2f,#ffffff,"['http://a.espncdn.com/i/teamlogos/ncaa/500/61.png', 'http://a.espncdn.com/i/teamlogos/ncaa/500-dark/61.png']",@GeorgiaFootball,"{'id': 3917, 'name': 'Sanford Stadium', 'city': 'Athens', 'state': 'GA', 'zip': '30602', 'countryCode': 'US', 'timezone': 'America/New_York', 'latitude': 33.9498197, 'longitude': -83.3733813, 'elevation': '186.1120758', 'capacity': 92746, 'constructionYear': 1929, 'grass': True, 'dome': False}"
290,Georgia Southern,Eagles,GASO,"['GASO', 'GA Southern']",Sun Belt,East,fbs,#003775,#f0f0f0,"['http://a.espncdn.com/i/teamlogos/ncaa/500/290.png', 'http://a.espncdn.com/i/teamlogos/ncaa/500-dark/290.png']",@GSAthletics_FB,"{'id': 3608, 'name': 'Allen E. Paulson Stadium', 'city': 'Statesboro', 'state': 'GA', 'zip': '30460', 'countryCode': 'US', 'timezone': 'America/New_York', 'latitude': 32.4122471, 'longitude': -81.7849296, 'elevation': '61.25376892', 'capacity': 25000, 'constructionYear': 1984, 'grass': False, 'dome': False}"
2247,Georgia State,Panthers,GAST,"['GAST', 'Georgia St']",Sun Belt,East,fbs,#1e539a,#ebebeb,"['http://a.espncdn.com/i/teamlogos/ncaa/500/2247.png', 'http://a.espncdn.com/i/teamlogos/ncaa/500-dark/2247.png']",@GeorgiaStateFB,"{'id': 4246, 'name': 'Center Parc Stadium', 'city': 'Atlanta', 'state': 'GA', 'zip': '30315', 'countryCode': 'US', 'timezone': 'America/New_York', 'latitude': 33.735267, 'longitude': -84.389949, 'elevation': '287', 'capacity': 25000, 'constructionYear': 2017, 'grass': False, 'dome': False}"
59,Georgia Tech,Yellow Jackets,GT,"['GT', 'Georgia Tech']",ACC,,fbs,#003057,#b3a369,"['http://a.espncdn.com/i/teamlogos/ncaa/500/59.png', 'http://a.espncdn.com/i/teamlogos/ncaa/500-dark/59.png']",@GeorgiaTechFB,"{'id': 721, 'name': 'Bobby Dodd Stadium', 'city': 'Atlanta', 'state': 'GA', 'zip': '30332', 'countryCode': 'US', 'timezone': 'America/New_York', 'latitude': 33.7724449, 'longitude': -84.3928054, 'elevation': '279.300415', 'capacity': 55000, 'constructionYear': 1913, 'grass': False, 'dome': False}"
62,Hawai'i,Rainbow Warriors,HAW,"['HAW', 'Hawai’i']",Mountain West,,fbs,#003420,#ffffff,"['http://a.espncdn.com/i/teamlogos/ncaa/500/62.png', 'http://a.espncdn.com/i/teamlogos/ncaa/500-dark/62.png']",@HawaiiFootball,"{'id': 7220, 'name': 'Clarence T.C. Ching Athletics Complex', 'city': 'Honolulu', 'state': 'HI', 'zip': '96822', 'countryCode': None, 'timezone': None, 'latitude': 21.294294, 'longitude': -157.819338, 'elevation': '20', 'capacity': 9000, 'constructionYear': None, 'grass': True, 'dome': False}"
248,Houston,Cougars,HOU,"['HOU', 'Houston']",Big 12,,fbs,#c92a39,#ffffff,"['http://a.espncdn.com/i/teamlogos/ncaa/500/248.png', 'http://a.espncdn.com/i/teamlogos/ncaa/500-dark/248.png']",@UHCougarFB,"{'id': 4728, 'name': 'TDECU Stadium', 'city': 'Houston', 'state': 'TX', 'zip': '77004', 'countryCode': 'US', 'timezone': 'America/Chicago', 'latitude': 29.7219885, 'longitude': -95.3491623, 'elevation': '9.57440567', 'capacity': 40000, 'constructionYear': 2014, 'grass': False, 'dome': False}"
356,Illinois,Fighting Illini,ILL,"['ILL', 'Illinois']",Big Ten,,fbs,#ff5f05,#13294b,"['http://a.espncdn.com/i/teamlogos/ncaa/500/356.png', 'http://a.espncdn.com/i/teamlogos/ncaa/500-dark/356.png']",@IlliniFootball,"{'id': 3832, 'name': 'Memorial Stadium (Champaign, IL)', 'city': 'Champaign', 'state': 'IL', 'zip': '61820', 'countryCode': 'US', 'timezone': 'America/Chicago', 'latitude': 40.0993268, 'longitude': -88.2359569, 'elevation': '223.2471619', 'capacity': 60670, 'constructionYear': 1923, 'grass': False, 'dome': False}"
84,Indiana,Hoosiers,IU,"['IU', 'Indiana']",Big Ten,,fbs,#990000,#edebeb,"['http://a.espncdn.com/i/teamlogos/ncaa/500/84.png', 'http://a.espncdn.com/i/teamlogos/ncaa/500-dark/84.png']",@IndianaFootball,"{'id': 3830, 'name': 'Memorial Stadium (Bloomington, IN)', 'city': 'Bloomington', 'state': 'IN', 'zip': '47408', 'countryCode': 'US', 'timezone': 'America/Indiana/Indianapolis', 'latitude': 39.1808959, 'longitude': -86.5256217, 'elevation': '231.6500854', 'capacity': 52656, 'constructionYear': 1960, 'grass': False, 'dome': False}"
2294,Iowa,Hawkeyes,IOWA,"['IOWA', 'Iowa']",Big Ten,,fbs,#000000,#FFCD00,"['http://a.espncdn.com/i/teamlogos/ncaa/500/2294.png', 'http://a.espncdn.com/i/teamlogos/ncaa/500-dark/2294.png']",@HawkeyeFootball,"{'id': 3793, 'name': 'Kinnick Stadium', 'city': 'Iowa City', 'state': 'IA', 'zip': '52242', 'countryCode': 'US', 'timezone': 'America/Chicago', 'latitude': 41.6586045, 'longitude': -91.5510829, 'elevation': '220.6357727', 'capacity': 69250, 'constructionYear': 1929, 'grass': False, 'dome': False}"
66,Iowa State,Cyclones,ISU,"['ISU', 'Iowa State']",Big 12,,fbs,#822433,#fdca2f,"['http://a.espncdn.com/i/teamlogos/ncaa/500/66.png', 'http://a.espncdn.com/i/teamlogos/ncaa/500-dark/66.png']",@CycloneFB,"{'id': 3772, 'name': 'Jack Trice Stadium', 'city': 'Ames', 'state': 'IA', 'zip': '50011', 'countryCode': 'US', 'timezone': 'America/Chicago', 'latitude': 42.0139977, 'longitude': -93.6357716, 'elevation': '274.9135437', 'capacity': 61500, 'constructionYear': 1975, 'grass': True, 'dome': False}"
55,Jacksonville State,Gamecocks,JXST,"['JXST', 'Jax State']",Conference USA,,fbs,#b50500,#b5b7ba,"['http://a.espncdn.com/i/teamlogos/ncaa/500/55.png', 'http://a.espncdn.com/i/teamlogos/ncaa/500-dark/55.png']",@JSUGamecocksFB,"{'id': 3662, 'name': 'AmFirst Stadium', 'city': 'Jacksonville', 'state': 'AL', 'zip': '36265', 'countryCode': 'US', 'timezone': 'America/Chicago', 'latitude': 33.8201052, 'longitude': -85.76647, 'elevation': '198.0679016', 'capacity': 24000, 'constructionYear': 1947, 'grass': False, 'dome': False}"
256,James Madison,Dukes,JMU,"['JMU', 'James Madison']",Sun Belt,East,fbs,#450084,#b5a068,"['http://a.espncdn.com/i/teamlogos/ncaa/500/256.png', 'http://a.espncdn.com/i/teamlogos/ncaa/500-dark/256.png']",@JMUFootball,"{'id': 3651, 'name': 'Bridgeforth Stadium', 'city': 'Harrisonburg', 'state': 'VA', 'zip': '22807', 'countryCode': 'US', 'timezone': 'America/New_York', 'latitude': 38.4352919, 'longitude': -78.8729349, 'elevation': '399.303009', 'capacity': 24877, 'constructionYear': 1975, 'grass': False, 'dome': False}"
2305,Kansas,Jayhawks,KU,"['KU', 'Kansas']",Big 12,,fbs,#0051ba,#e8000d,"['http://a.espncdn.com/i/teamlogos/ncaa/500/2305.png', 'http://a.espncdn.com/i/teamlogos/ncaa/500-dark/2305.png']",@KU_Football,"{'id': 3833, 'name': 'Memorial Stadium', 'city': 'Lawrence', 'state': 'KS', 'zip': '66045', 'countryCode': 'US', 'timezone': 'America/Chicago', 'latitude': 38.9629418, 'longitude': -95.2463686, 'elevation': '274.855957', 'capacity': 47000, 'constructionYear': 1921, 'grass': False, 'dome': False}"
2306,Kansas State,Wildcats,KSU,"['KSU', 'Kansas St']",Big 12,,fbs,#3c0969,#e2e3e4,"['http://a.espncdn.com/i/teamlogos/ncaa/500/2306.png', 'http://a.espncdn.com/i/teamlogos/ncaa/500-dark/2306.png']",@KStateFB,"{'id': 3636, 'name': 'Bill Snyder Family Stadium', 'city': 'Manhattan', 'state': 'KS', 'zip': '66502', 'countryCode': 'US', 'timezone': 'America/Chicago', 'latitude': 39.2020096, 'longitude': -96.5938395, 'elevation': '328.0574646', 'capacity': 50000, 'constructionYear': 1968, 'grass': False, 'dome': False}"
338,Kennesaw State,Owls,KENN,"['Kennesaw', 'KENN', 'Kennesaw St']",Conference USA,,fbs,#fdbb30,#000000,"['http://a.espncdn.com/i/teamlogos/ncaa/500/338.png', 'http://a.espncdn.com/i/teamlogos/ncaa/500-dark/338.png']",@KennesawStFB,"{'id': 4899, 'name': 'Fifth Third Stadium', 'city': 'Kennesaw', 'state': 'GA', 'zip': '48187', 'countryCode': 'US', 'timezone': None, 'latitude': 34.0289318, 'longitude': -84.5676234, 'elevation': '296.9589844', 'capacity': 8318, 'constructionYear': 2010, 'grass': None, 'dome': False}"
2309,Kent State,Golden Flashes,KENT,"['KENT', 'Kent State']",Mid-American,,fbs,#003976,#efab00,"['http://a.espncdn.com/i/teamlogos/ncaa/500/2309.png', 'http://a.espncdn.com/i/teamlogos/ncaa/500-dark/2309.png']",@KentStFootball,"{'id': 3696, 'name': 'Dix Stadium', 'city': 'Kent', 'state': 'OH', 'zip': '44242', 'countryCode': 'US', 'timezone': 'America/New_York', 'latitude': 41.1390935, 'longitude': -81.31346, 'elevation': '321.3641663', 'capacity': 25319, 'constructionYear': 1969, 'grass': False, 'dome': False}"
96,Kentucky,Wildcats,UK,"['UK', 'Kentucky']",SEC,,fbs,#0033a0,#ffffff,"['http://a.espncdn.com/i/teamlogos/ncaa/500/96.png', 'http://a.espncdn.com/i/teamlogos/ncaa/500-dark/96.png']",@UKFootball,"{'id': 3683, 'name': 'Kroger Field', 'city': 'Lexington', 'state': 'KY', 'zip': '40506', 'countryCode': 'US', 'timezone': 'America/New_York', 'latitude': 38.0220905, 'longitude': -84.5053408, 'elevation': '307.4248962', 'capacity': 61000, 'constructionYear': 1973, 'grass': False, 'dome': False}"
2335,Liberty,Flames,LIB,"['LIB', 'Liberty']",Conference USA,,fbs,#071740,#a61f21,"['http://a.espncdn.com/i/teamlogos/ncaa/500/2335.png', 'http://a.espncdn.com/i/teamlogos/ncaa/500-dark/2335.png']",@LibertyFootball,"{'id': 3992, 'name': 'Williams Stadium (VA)', 'city': 'Lynchburg', 'state': 'VA', 'zip': '24502', 'countryCode': 'US', 'timezone': 'America/New_York', 'latitude': 37.3544305, 'longitude': -79.1750239, 'elevation': '272.9237061', 'capacity': 25000, 'constructionYear': 1989, 'grass': False, 'dome': False}"
309,Louisiana,Ragin' Cajuns,UL,"['UL Lafayette', 'UL', 'Louisiana']",Sun Belt,West,fbs,#ce181e,#ffffff,"['http://a.espncdn.com/i/teamlogos/ncaa/500/309.png', 'http://a.espncdn.com/i/teamlogos/ncaa/500-dark/309.png']",@RaginCajunsFB,"{'id': 3666, 'name': 'Cajun Field', 'city': 'Lafayette', 'state': 'LA', 'zip': '70506', 'countryCode': 'US', 'timezone': 'America/Chicago', 'latitude': 30.2158434, 'longitude': -92.0417371, 'elevation': '3.556508303', 'capacity': 41426, 'constructionYear': 1971, 'grass': False, 'dome': False}"
2348,Louisiana Tech,Bulldogs,LT,"['LT', 'Louisiana Tech']",Conference USA,,fbs,#002d65,#d3313a,"['http://a.espncdn.com/i/teamlogos/ncaa/500/2348.png', 'http://a.espncdn.com/i/teamlogos/ncaa/500-dark/2348.png']",@LATechFB,"{'id': 3776, 'name': 'Joe Aillet Stadium', 'city': 'Ruston', 'state': 'LA', 'zip': '71272', 'countryCode': 'US', 'timezone': 'America/Chicago', 'latitude': 32.5321487, 'longitude': -92.6560019, 'elevation': '72.87982941', 'capacity': 28019, 'constructionYear': 1968, 'grass': False, 'dome': False}"
97,Louisville,Cardinals,LOU,"['LOU', 'Louisville']",ACC,,fbs,#c9001f,#000000,"['http://a.espncdn.com/i/teamlogos/ncaa/500/97.png', 'http://a.espncdn.com/i/teamlogos/ncaa/500-dark/97.png']",@LouisvilleFB,"{'id': 3873, 'name': 'L&N Federal Credit Union Stadium', 'city': 'Louisville', 'state': 'KY', 'zip': '40292', 'countryCode': 'US', 'timezone': 'America/Kentucky/Louisville', 'latitude': 38.2057621, 'longitude': -85.7588141, 'elevation': '138.5615997', 'capacity': 60000, 'constructionYear': 1998, 'grass': False, 'dome': False}"
99,LSU,Tigers,LSU,"['Louisiana State', 'LSU', 'LSU']",SEC,,fbs,#461d7c,#fdd023,"['http://a.espncdn.com/i/teamlogos/ncaa/500/99.png', 'http://a.espncdn.com/i/teamlogos/ncaa/500-dark/99.png']",@LSUFootball,"{'id': 3958, 'name': 'Tiger Stadium (LA)', 'city': 'Baton Rouge', 'state': 'LA', 'zip': '70803', 'countryCode': 'US', 'timezone': 'America/Chicago', 'latitude': 30.412035, 'longitude': -91.1838163, 'elevation': '7.640734673', 'capacity': 102321, 'constructionYear': 1924, 'grass': True, 'dome': False}"
276,Marshall,Thundering Herd,MRSH,"['MRSH', 'Marshall']",Sun Belt,East,fbs,#00ae42,#be854c,"['http://a.espncdn.com/i/teamlogos/ncaa/500/276.png', 'http://a.espncdn.com/i/teamlogos/ncaa/500-dark/276.png']",@HerdFB,"{'id': 3775, 'name': 'Joan C. Edwards Stadium', 'city': 'Huntington', 'state': 'WV', 'zip': '25755', 'countryCode': 'US', 'timezone': 'America/New_York', 'latitude': 38.4247042, 'longitude': -82.4214412, 'elevation': '163.7328186', 'capacity': 38016, 'constructionYear': 1991, 'grass': False, 'dome': False}"
120,Maryland,Terrapins,MD,"['MD', 'Maryland']",Big Ten,,fbs,#D5002B,#ffcd00,"['http://a.espncdn.com/i/teamlogos/ncaa/500/120.png', 'http://a.espncdn.com/i/teamlogos/ncaa/500-dark/120.png']",@TerpsFootball,"{'id': 3665, 'name': 'SECU Stadium', 'city': 'College Park', 'state': 'MD', 'zip': '20742', 'countryCode': 'US', 'timezone': 'America/New_York', 'latitude': 38.9903332, 'longitude': -76.9473792, 'elevation': '32.68748093', 'capacity': 51802, 'constructionYear': 1950, 'grass': False, 'dome': False}"
113,Massachusetts,Minutemen,MASS,"['UMass', 'MASS', 'UMass']",Mid-American,,fbs,#971B2F,#B1B3B3,"['http://a.espncdn.com/i/teamlogos/ncaa/500/113.png', 'http://a.espncdn.com/i/teamlogos/ncaa/500-dark/113.png']",@UMassFootball,"{'id': 3985, 'name': 'Warren McGuirk Alumni Stadium', 'city': 'Hadley', 'state': 'MA', 'zip': '1003 ', 'countryCode': 'US', 'timezone': 'America/New_York', 'latitude': 42.3773244, 'longitude': -72.5360595, 'elevation': '46.58664703', 'capacity': 17000, 'constructionYear': 1965, 'grass': False, 'dome': False}"
235,Memphis,Tigers,MEM,"['MEM', 'Memphis']",American Athletic,,fbs,#004991,#8e908f,"['http://a.espncdn.com/i/teamlogos/ncaa/500/235.png', 'http://a.espncdn.com/i/teamlogos/ncaa/500-dark/235.png']",@MemphisFB,"{'id': 3805, 'name': 'Simmons Bank Liberty Stadium', 'city': 'Memphis', 'state': 'TN', 'zip': '38152', 'countryCode': 'US', 'timezone': 'America/Chicago', 'latitude': 35.1209429, 'longitude': -89.977147, 'elevation': '90.62445831', 'capacity': 58325, 'constructionYear': 1965, 'grass': False, 'dome': False}"
2390,Miami,Hurricanes,MIA,"['Miami (FL)', 'MIA', 'Miami']",ACC,,fbs,#005030,#f47321,"['http://a.espncdn.com/i/teamlogos/ncaa/500/2390.png', 'http://a.espncdn.com/i/teamlogos/ncaa/500-dark/2390.png']",@CanesFootball,"{'id': 3948, 'name': 'Hard Rock Stadium', 'city': 'Miami Gardens', 'state': 'FL', 'zip': '33299', 'countryCode': 'US', 'timezone': 'America/New_York', 'latitude': 25.9579665, 'longitude': -80.2388604, 'elevation': '2.624486446', 'capacity': 64767, 'constructionYear': 1987, 'grass': False, 'dome': False}"
193,Miami (OH),RedHawks,M-OH,"['M-OH', 'Miami OH']",Mid-American,,fbs,#a4000c,#f0f0f0,"['http://a.espncdn.com/i/teamlogos/ncaa/500/193.png', 'http://a.espncdn.com/i/teamlogos/ncaa/500-dark/193.png']",@MiamiOHFootball,"{'id': 3996, 'name': 'Yager Stadium', 'city': 'Oxford', 'state': 'OH', 'zip': '45056', 'countryCode': 'US', 'timezone': 'America/New_York', 'latitude': 39.5197009, 'longitude': -84.7330255, 'elevation': '242.2643585', 'capacity': 24286, 'constructionYear': 1983, 'grass': False, 'dome': False}"
130,Michigan,Wolverines,MICH,"['MICH', 'Michigan']",Big Ten,,fbs,#00274c,#ffcb05,"['http://a.espncdn.com/i/teamlogos/ncaa/500/130.png', 'http://a.espncdn.com/i/teamlogos/ncaa/500-dark/130.png']",@UMichFootball,"{'id': 3558, 'name': 'Michigan Stadium', 'city': 'Ann Arbor', 'state': 'MI', 'zip': '48109', 'countryCode': 'US', 'timezone': 'America/Detroit', 'latitude': 42.2658365, 'longitude': -83.7486956, 'elevation': '255.5500031', 'capacity': 107601, 'constructionYear': 1927, 'grass': False, 'dome': False}"
127,Michigan State,Spartans,MSU,"['MSU', 'Michigan St']",Big Ten,,fbs,#18453b,#ffffff,"['http://a.espncdn.com/i/teamlogos/ncaa/500/127.png', 'http://a.espncdn.com/i/teamlogos/ncaa/500-dark/127.png']",@MSU_Football,"{'id': 3936, 'name': 'Spartan Stadium', 'city': 'East Lansing', 'state': 'MI', 'zip': '48824', 'countryCode': 'US', 'timezone': 'America/Detroit', 'latitude': 42.7281474, 'longitude': -84.4848526, 'elevation': '254.8794861', 'capacity': 75005, 'constructionYear': 1923, 'grass': True, 'dome': False}"
2393,Middle Tennessee,Blue Raiders,MTSU,"['Middle Tennessee State', 'MTSU', 'MTSU']",Conference USA,,fbs,#006db6,#ffffff,"['http://a.espncdn.com/i/teamlogos/ncaa/500/2393.png', 'http://a.espncdn.com/i/teamlogos/ncaa/500-dark/2393.png']",@MT_FB,"{'id': 3725, 'name': 'Johnny ""Red"" Floyd Stadium', 'city': 'Murfreesboro', 'state': 'TN', 'zip': '37132', 'countryCode': 'US', 'timezone': 'America/Chicago', 'latitude': 35.8511463, 'longitude': -86.3681649, 'elevation': '191.7279816', 'capacity': 30788, 'constructionYear': 1933, 'grass': False, 'dome': False}"
135,Minnesota,Golden Gophers,MINN,"['MINN', 'Minnesota']",Big Ten,,fbs,#5e0a2f,#fab41c,"['http://a.espncdn.com/i/teamlogos/ncaa/500/135.png', 'http://a.espncdn.com/i/teamlogos/ncaa/500-dark/135.png']",@GopherFootball,"{'id': 3953, 'name': 'Huntington Bank Stadium', 'city': 'Minneapolis', 'state': 'MN', 'zip': '55488', 'countryCode': 'US', 'timezone': 'America/Chicago', 'latitude': 44.976525, 'longitude': -93.2245462, 'elevation': '254.3902283', 'capacity': 50850, 'constructionYear': 2009, 'grass': False, 'dome': False}"
344,Mississippi State,Bulldogs,MSST,"['MSST', 'Mississippi St']",SEC,,fbs,#5d1725,#c1c6c8,"['http://a.espncdn.com/i/teamlogos/ncaa/500/344.png', 'http://a.espncdn.com/i/teamlogos/ncaa/500-dark/344.png']",@HailStateFB,"{'id': 3693, 'name': 'Davis Wade Stadium', 'city': 'Starkville', 'state': 'MS', 'zip': '39762', 'countryCode': 'US', 'timezone': 'America/Chicago', 'latitude': 33.4563403, 'longitude': -88.7933652, 'elevation': '110.2742081', 'capacity': 61337, 'constructionYear': 1914, 'grass': True, 'dome': False}"
142,Missouri,Tigers,MIZ,"['MIZ', 'Missouri']",SEC,,fbs,#f1b82d,#000000,"['http://a.espncdn.com/i/teamlogos/ncaa/500/142.png', 'http://a.espncdn.com/i/teamlogos/ncaa/500-dark/142.png']",@MizzouFootball,"{'id': 3838, 'name': 'Memorial Stadium', 'city': 'Columbia', 'state': 'MO', 'zip': '65211', 'countryCode': 'US', 'timezone': 'America/Chicago', 'latitude': 38.9358491, 'longitude': -92.3332009, 'elevation': '212.6865692', 'capacity': 71168, 'constructionYear': 1927, 'grass': False, 'dome': False}"
2623,Missouri State,Bears,MOST,"['MOST', 'Missouri St']",Conference USA,,fbs,#5F0000,#e8e8e8,"['http://a.espncdn.com/i/teamlogos/ncaa/500/2623.png', 'http://a.espncdn.com/i/teamlogos/ncaa/500-dark/2623.png']",@MOStateFootball,"{'id': 3878, 'name': 'Plaster Sports Complex', 'city': 'Springfield', 'state': 'MO', 'zip': '65897', 'countryCode': 'US', 'timezone': 'America/Chicago', 'latitude': 37.1976229, 'longitude': -93.2798119, 'elevation': '402.368103', 'capacity': 17337, 'constructionYear': 1941, 'grass': False, 'dome': False}"
2426,Navy,Midshipmen,NAVY,"['NAVY', 'Navy']",American Athletic,,fbs,#00225b,#b5a67c,"['http://a.espncdn.com/i/teamlogos/ncaa/500/2426.png', 'http://a.espncdn.com/i/teamlogos/ncaa/500-dark/2426.png']",@NavyFB,"{'id': 3852, 'name': 'Navy-Marine Corps Memorial Stadium', 'city': 'Annapolis', 'state': 'MD', 'zip': '21402', 'countryCode': 'US', 'timezone': 'America/New_York', 'latitude': 38.9846985, 'longitude': -76.5076335, 'elevation': '10.74990082', 'capacity': 34000, 'constructionYear': 1959, 'grass': False, 'dome': False}"
152,NC State,Wolfpack,NCSU,"['North Carolina St.', 'NCSU', 'NC State']",ACC,,fbs,#cc0000,#ffffff,"['http://a.espncdn.com/i/teamlogos/ncaa/500/152.png', 'http://a.espncdn.com/i/teamlogos/ncaa/500-dark/152.png']",@PackFootball,"{'id': 3670, 'name': 'Carter-Finley Stadium', 'city': 'Raleigh', 'state': 'NC', 'zip': '27695', 'countryCode': 'US', 'timezone': 'America/New_York', 'latitude': 35.8008001, 'longitude': -78.7195655, 'elevation': '117.0089951', 'capacity': 58000, 'constructionYear': 1966, 'grass': True, 'dome': False}"
158,Nebraska,Cornhuskers,NEB,"['NEB', 'Nebraska']",Big Ten,,fbs,#d00000,#ffffff,"['http://a.espncdn.com/i/teamlogos/ncaa/500/158.png', 'http://a.espncdn.com/i/teamlogos/ncaa/500-dark/158.png']",@HuskerFBNation,"{'id': 3834, 'name': 'Memorial Stadium (Lincoln, NE)', 'city': 'Lincoln', 'state': 'NE', 'zip': '68588', 'countryCode': 'US', 'timezone': 'America/Chicago', 'latitude': 40.820682, 'longitude': -96.705594, 'elevation': '354.9318848', 'capacity': 85458, 'constructionYear': 1923, 'grass': False, 'dome': False}"
2440,Nevada,Wolf Pack,NEV,"['NEV', 'Nevada']",Mountain West,,fbs,#002d62,#ffffff,"['http://a.espncdn.com/i/teamlogos/ncaa/500/2440.png', 'http://a.espncdn.com/i/teamlogos/ncaa/500-dark/2440.png']",@NevadaFootball,"{'id': 3816, 'name': 'Mackay Stadium', 'city': 'Reno', 'state': 'NV', 'zip': '89557', 'countryCode': 'US', 'timezone': 'America/Los_Angeles', 'latitude': 39.5469459, 'longitude': -119.8175435, 'elevation': '1406.57605', 'capacity': 27000, 'constructionYear': 1966, 'grass': False, 'dome': False}"
167,New Mexico,Lobos,UNM,"['UNM', 'New Mexico']",Mountain West,,fbs,#BA0C2F,#a7a8aa,"['http://a.espncdn.com/i/teamlogos/ncaa/500/167.png', 'http://a.espncdn.com/i/teamlogos/ncaa/500-dark/167.png']",@UNMLoboFB,"{'id': 3971, 'name': 'University Stadium (NM)', 'city': 'Albuquerque', 'state': 'NM', 'zip': '87131', 'countryCode': 'US', 'timezone': 'America/Denver', 'latitude': 35.0669479, 'longitude': -106.6283225, 'elevation': '1554.471924', 'capacity': 39224, 'constructionYear': 1960, 'grass': False, 'dome': False}"
166,New Mexico State,Aggies,NMSU,"['NMSU', 'New Mexico St']",Conference USA,,fbs,#891216,#000000,"['http://a.espncdn.com/i/teamlogos/ncaa/500/166.png', 'http://a.espncdn.com/i/teamlogos/ncaa/500-dark/166.png']",@NMStateFootball,"{'id': 3601, 'name': 'Aggie Memorial Stadium', 'city': 'Las Cruces', 'state': 'NM', 'zip': '88003', 'countryCode': 'US', 'timezone': 'America/Denver', 'latitude': 32.2796202, 'longitude': -106.7411148, 'elevation': '1208.201294', 'capacity': 28853, 'constructionYear': 1978, 'grass': False, 'dome': False}"
153,North Carolina,Tar Heels,UNC,"['UNC', 'North Carolina']",ACC,,fbs,#7bafd4,#13294b,"['http://a.espncdn.com/i/teamlogos/ncaa/500/153.png', 'http://a.espncdn.com/i/teamlogos/ncaa/500-dark/153.png']",@UNCFootball,"{'id': 3787, 'name': 'Kenan Stadium', 'city': 'Chapel Hill', 'state': 'NC', 'zip': '27515', 'countryCode': 'US', 'timezone': 'America/New_York', 'latitude': 35.9069294, 'longitude': -79.0478889, 'elevation': '127.7569809', 'capacity': 50500, 'constructionYear': 1927, 'grass': False, 'dome': False}"
2459,Northern Illinois,Huskies,NIU,"['NIU', 'N Illinois']",Mid-American,,fbs,#F1122C,#cc0000,"['http://a.espncdn.com/i/teamlogos/ncaa/500/2459.png', 'http://a.espncdn.com/i/teamlogos/ncaa/500-dark/2459.png']",@NIU_Football,"{'id': 3764, 'name': 'Huskie Stadium', 'city': 'DeKalb', 'state': 'IL', 'zip': '60115', 'countryCode': 'US', 'timezone': 'America/Chicago', 'latitude': 41.9339586, 'longitude': -88.7778357, 'elevation': '267.4530029', 'capacity': 23595, 'constructionYear': 1965, 'grass': False, 'dome': False}"
249,North Texas,Mean Green,UNT,"['UNT', 'North Texas']",American Athletic,,fbs,#00853E,#000000,"['http://a.espncdn.com/i/teamlogos/ncaa/500/249.png', 'http://a.espncdn.com/i/teamlogos/ncaa/500-dark/249.png']",@MeanGreenFB,"{'id': 3825, 'name': 'DATCU Stadium', 'city': 'Denton', 'state': 'TX', 'zip': '76210', 'countryCode': 'US', 'timezone': 'America/Chicago', 'latitude': 33.203899, 'longitude': -97.159245, 'elevation': '198.6871948', 'capacity': 30850, 'constructionYear': 2011, 'grass': False, 'dome': False}"
77,Northwestern,Wildcats,NU,"['NU', 'Northwestern']",Big Ten,,fbs,#582c83,#ffffff,"['http://a.espncdn.com/i/teamlogos/ncaa/500/77.png', 'http://a.espncdn.com/i/teamlogos/ncaa/500-dark/77.png']",@NUFBFamily,"{'id': 5960, 'name': 'Lanny and Sharon Martin Stadium', 'city': 'Evanston', 'state': 'IL', 'zip': None, 'countryCode': 'US', 'timezone': None, 'latitude': None, 'longitude': None, 'elevation': None, 'capacity': None, 'constructionYear': None, 'grass': None, 'dome': False}"
87,Notre Dame,Fighting Irish,ND,"['ND', 'Notre Dame']",FBS Independents,,fbs,#0c2340,#c99700,"['http://a.espncdn.com/i/teamlogos/ncaa/500/87.png', 'http://a.espncdn.com/i/teamlogos/ncaa/500-dark/87.png']",@NDFootball,"{'id': 3855, 'name': 'Notre Dame Stadium', 'city': 'Notre Dame', 'state': 'IN', 'zip': '46556', 'countryCode': 'US', 'timezone': 'America/Indiana/Indianapolis', 'latitude': 41.698378, 'longitude': -86.2339425, 'elevation': '222.645401', 'capacity': 80795, 'constructionYear': 1930, 'grass': False, 'dome': False}"
195,Ohio,Bobcats,OHIO,"['OHIO', 'Ohio']",Mid-American,,fbs,#295A29,#e4bb85,"['http://a.espncdn.com/i/teamlogos/ncaa/500/195.png', 'http://a.espncdn.com/i/teamlogos/ncaa/500-dark/195.png']",@OhioFootball,"{'id': 3876, 'name': 'Peden Stadium', 'city': 'Athens', 'state': 'OH', 'zip': '45701', 'countryCode': 'US', 'timezone': 'America/New_York', 'latitude': 39.3212794, 'longitude': -82.1034315, 'elevation': '194.230896', 'capacity': 24000, 'constructionYear': 1929, 'grass': False, 'dome': False}"
194,Ohio State,Buckeyes,OSU,"['OSU', 'Ohio State']",Big Ten,,fbs,#ce1141,#505056,"['http://a.espncdn.com/i/teamlogos/ncaa/500/194.png', 'http://a.espncdn.com/i/teamlogos/ncaa/500-dark/194.png']",@OhioStateFB,"{'id': 3861, 'name': 'Ohio Stadium', 'city': 'Columbus', 'state': 'OH', 'zip': '43210', 'countryCode': 'US', 'timezone': 'America/New_York', 'latitude': 40.0016447, 'longitude': -83.0197266, 'elevation': '216.6770325', 'capacity': 102780, 'constructionYear': 1922, 'grass': False, 'dome': False}"
201,Oklahoma,Sooners,OU,"['OU', 'Oklahoma']",SEC,,fbs,#a32036,#ffffff,"['http://a.espncdn.com/i/teamlogos/ncaa/500/201.png', 'http://a.espncdn.com/i/teamlogos/ncaa/500-dark/201.png']",@OU_Football,"{'id': 3835, 'name': 'Memorial Stadium (Norman, OK)', 'city': 'Norman', 'state': 'OK', 'zip': '73019', 'countryCode': 'US', 'timezone': 'America/Chicago', 'latitude': 35.2058537, 'longitude': -97.4423145, 'elevation': '355.0962524', 'capacity': 86112, 'constructionYear': 1925, 'grass': True, 'dome': False}"
197,Oklahoma State,Cowboys,OKST,"['OKST', 'Oklahoma St']",Big 12,,fbs,#FF7300,#000000,"['http://a.espncdn.com/i/teamlogos/ncaa/500/197.png', 'http://a.espncdn.com/i/teamlogos/ncaa/500-dark/197.png']",@CowboyFB,"{'id': 3646, 'name': 'Boone Pickens Stadium', 'city': 'Stillwater', 'state': 'OK', 'zip': '74078', 'countryCode': 'US', 'timezone': 'America/Chicago', 'latitude': 36.125673, 'longitude': -97.066513, 'elevation': '276.4808655', 'capacity': 55509, 'constructionYear': 1919, 'grass': False, 'dome': False}"
295,Old Dominion,Monarchs,ODU,"['ODU', 'Old Dominion']",Sun Belt,East,fbs,#00507d,#a1d2f1,"['http://a.espncdn.com/i/teamlogos/ncaa/500/295.png', 'http://a.espncdn.com/i/teamlogos/ncaa/500-dark/295.png']",@ODUFootball,"{'id': 3918, 'name': 'S.B. Ballard Stadium', 'city': 'Norfolk', 'state': 'VA', 'zip': '23551', 'countryCode': 'US', 'timezone': 'America/New_York', 'latitude': 36.8889533, 'longitude': -76.3049175, 'elevation': '3.147987843', 'capacity': 20118, 'constructionYear': 1936, 'grass': False, 'dome': False}"
145,Ole Miss,Rebels,MISS,"['MISS', 'Ole Miss']",SEC,,fbs,#13294b,#c8102e,"['http://a.espncdn.com/i/teamlogos/ncaa/500/145.png', 'http://a.espncdn.com/i/teamlogos/ncaa/500-dark/145.png']",@OleMissFB,"{'id': 3974, 'name': 'Vaught-Hemingway Stadium', 'city': 'Oxford', 'state': 'MS', 'zip': '38677', 'countryCode': 'US', 'timezone': 'America/Chicago', 'latitude': 34.3619837, 'longitude': -89.5342076, 'elevation': '146.8517151', 'capacity': 64038, 'constructionYear': 1915, 'grass': True, 'dome': False}"
2483,Oregon,Ducks,ORE,"['ORE', 'Oregon']",Big Ten,,fbs,#007030,#fee11a,"['http://a.espncdn.com/i/teamlogos/ncaa/500/2483.png', 'http://a.espncdn.com/i/teamlogos/ncaa/500-dark/2483.png']",@OregonFootball,"{'id': 3626, 'name': 'Autzen Stadium', 'city': 'Eugene', 'state': 'OR', 'zip': '97401', 'countryCode': 'US', 'timezone': 'America/Los_Angeles', 'latitude': 44.0582712, 'longitude': -123.0684883, 'elevation': '127.4198303', 'capacity': 54000, 'constructionYear': 1967, 'grass': False, 'dome': False}"
204,Oregon State,Beavers,ORST,"['ORST', 'Oregon St']",Pac-12,,fbs,#231f20,#d73f09,"['http://a.espncdn.com/i/teamlogos/ncaa/500/204.png', 'http://a.espncdn.com/i/teamlogos/ncaa/500-dark/204.png']",@BeaverFootball,"{'id': 3893, 'name': 'Reser Stadium', 'city': 'Corvallis', 'state': 'OR', 'zip': '97331', 'countryCode': 'US', 'timezone': 'America/Los_Angeles', 'latitude': 44.5594559, 'longitude': -123.2814341, 'elevation': '66.90744781', 'capacity': 43363, 'constructionYear': 1953, 'grass': False, 'dome': False}"
213,Penn State,Nittany Lions,PSU,"['PSU', 'Penn State']",Big Ten,,fbs,#041E42,#FFFFFF,"['http://a.espncdn.com/i/teamlogos/ncaa/500/213.png', 'http://a.espncdn.com/i/teamlogos/ncaa/500-dark/213.png']",@PennStateFball,"{'id': 3632, 'name': 'Beaver Stadium', 'city': 'University Park', 'state': 'PA', 'zip': '16802', 'countryCode': 'US', 'timezone': 'America/New_York', 'latitude': 40.8121958, 'longitude': -77.8561023, 'elevation': '354.1551514', 'capacity': 106572, 'constructionYear': 1960, 'grass': True, 'dome': False}"
221,Pittsburgh,Panthers,PITT,"['Pitt', 'PITT', 'Pitt']",ACC,,fbs,#003263,#231f20,"['http://a.espncdn.com/i/teamlogos/ncaa/500/221.png', 'http://a.espncdn.com/i/teamlogos/ncaa/500-dark/221.png']",@Pitt_FB,"{'id': 3752, 'name': 'Acrisure Stadium', 'city': 'Pittsburgh', 'state': 'PA', 'zip': '15260', 'countryCode': 'US', 'timezone': 'America/New_York', 'latitude': 40.4467648, 'longitude': -80.0157603, 'elevation': '220.5887146', 'capacity': 68400, 'constructionYear': 2001, 'grass': True, 'dome': False}"
2509,Purdue,Boilermakers,PUR,"['PUR', 'Purdue']",Big Ten,,fbs,#000000,#ceb888,"['http://a.espncdn.com/i/teamlogos/ncaa/500/2509.png', 'http://a.espncdn.com/i/teamlogos/ncaa/500-dark/2509.png']",@BoilerFootball,"{'id': 3907, 'name': 'Ross-Ade Stadium', 'city': 'West Lafayette', 'state': 'IN', 'zip': '47907', 'countryCode': 'US', 'timezone': 'America/Indiana/Indianapolis', 'latitude': 40.4352253, 'longitude': -86.9186843, 'elevation': '197.5337677', 'capacity': 57282, 'constructionYear': 1924, 'grass': True, 'dome': False}"
242,Rice,Owls,RICE,"['RICE', 'Rice']",American Athletic,,fbs,#d1d5d8,#003d7d,"['http://a.espncdn.com/i/teamlogos/ncaa/500/242.png', 'http://a.espncdn.com/i/teamlogos/ncaa/500-dark/242.png']",@RiceFootball,"{'id': 3895, 'name': 'Rice Stadium', 'city': 'Houston', 'state': 'TX', 'zip': '77251', 'countryCode': 'US', 'timezone': 'America/Chicago', 'latitude': 29.7163297, 'longitude': -95.4093261, 'elevation': '7.148301601', 'capacity': 47000, 'constructionYear': 1950, 'grass': False, 'dome': False}"
164,Rutgers,Scarlet Knights,RUTG,"['RUTG', 'Rutgers']",Big Ten,,fbs,#d21034,#ffffff,"['http://a.espncdn.com/i/teamlogos/ncaa/500/164.png', 'http://a.espncdn.com/i/teamlogos/ncaa/500-dark/164.png']",@Rfootball,"{'id': 6577, 'name': 'SHI Stadium', 'city': 'Piscataway', 'state': 'NJ', 'zip': '08854', 'countryCode': 'US', 'timezone': None, 'latitude': 40.5462553, 'longitude': -74.4660408, 'elevation': None, 'capacity': 52454, 'constructionYear': None, 'grass': False, 'dome': False}"
2534,Sam Houston,Bearkats,SHSU,"['Sam Houston State', 'SHSU', 'Sam Houston']",Conference USA,,fbs,#fe5000,#000000,"['http://a.espncdn.com/i/teamlogos/ncaa/500/2534.png', 'http://a.espncdn.com/i/teamlogos/ncaa/500-dark/2534.png']",@BearkatsFB,"{'id': 3647, 'name': 'Elliott T. Bowers Stadium', 'city': 'Huntsville', 'state': 'TX', 'zip': '77340', 'countryCode': 'US', 'timezone': 'America/Chicago', 'latitude': 30.713926, 'longitude': -95.5419802, 'elevation': '127.6225204', 'capacity': 14000, 'constructionYear': 1986, 'grass': False, 'dome': False}"
21,San Diego State,Aztecs,SDSU,"['SDSU', 'San Diego St']",Mountain West,,fbs,#c41230,#000000,"['http://a.espncdn.com/i/teamlogos/ncaa/500/21.png', 'http://a.espncdn.com/i/teamlogos/ncaa/500-dark/21.png']",@AztecFB,"{'id': 7311, 'name': 'Snapdragon Stadium', 'city': 'San Diego', 'state': 'CA', 'zip': '92093', 'countryCode': 'US', 'timezone': 'America/Los_Angeles', 'latitude': 32.784444, 'longitude': -117.122833, 'elevation': '62', 'capacity': 35000, 'constructionYear': 2022, 'grass': True, 'dome': False}"
23,San José State,Spartans,SJSU,"['San Jose St.', 'SJSU', 'San José St']",Mountain West,,fbs,#005893,#fdba31,"['http://a.espncdn.com/i/teamlogos/ncaa/500/23.png', 'http://a.espncdn.com/i/teamlogos/ncaa/500-dark/23.png']",@SanJoseStateFB,"{'id': 3935, 'name': 'CEFCU Stadium', 'city': 'San Jose', 'state': 'CA', 'zip': '95112', 'countryCode': 'US', 'timezone': 'America/Los_Angeles', 'latitude': 37.3196675, 'longitude': -121.8682962, 'elevation': '28.30708694', 'capacity': 30456, 'constructionYear': 1933, 'grass': False, 'dome': False}"
2567,SMU,Mustangs,SMU,"['Southern Methodist', 'SMU', 'SMU']",ACC,,fbs,#354ca1,#cc0035,"['http://a.espncdn.com/i/teamlogos/ncaa/500/2567.png', 'http://a.espncdn.com/i/teamlogos/ncaa/500-dark/2567.png']",@SMUFB,"{'id': 3735, 'name': 'Gerald J. Ford Stadium', 'city': 'University Park', 'state': 'TX', 'zip': '75275', 'countryCode': 'US', 'timezone': 'America/Chicago', 'latitude': 32.8377223, 'longitude': -96.7827859, 'elevation': '169.4058075', 'capacity': 32000, 'constructionYear': 2000, 'grass': False, 'dome': False}"
6,South Alabama,Jaguars,USA,"['USA', 'South Alabama']",Sun Belt,West,fbs,#00205B,#BF0D3E,"['http://a.espncdn.com/i/teamlogos/ncaa/500/6.png', 'http://a.espncdn.com/i/teamlogos/ncaa/500-dark/6.png']",@SouthAlabamaFB,"{'id': 6526, 'name': 'Hancock Whitney Stadium', 'city': 'Mobile', 'state': 'AL', 'zip': '85329', 'countryCode': 'US', 'timezone': None, 'latitude': 30.6943566, 'longitude': -88.0430541, 'elevation': None, 'capacity': 25450, 'constructionYear': None, 'grass': False, 'dome': False}"
2579,South Carolina,Gamecocks,SC,"['SC', 'South Carolina']",SEC,,fbs,#73000a,#ffffff,"['http://a.espncdn.com/i/teamlogos/ncaa/500/2579.png', 'http://a.espncdn.com/i/teamlogos/ncaa/500-dark/2579.png']",@GamecockFB,"{'id': 3994, 'name': 'Williams-Brice Stadium', 'city': 'Columbia', 'state': 'SC', 'zip': '29208', 'countryCode': 'US', 'timezone': 'America/New_York', 'latitude': 33.9730239, 'longitude': -81.0191726, 'elevation': '60.54548645', 'capacity': 80250, 'constructionYear': 1934, 'grass': True, 'dome': False}"
2572,Southern Miss,Golden Eagles,USM,"['Southern Mississippi', 'USM', 'Southern Miss']",Sun Belt,West,fbs,#FFAA3C,#ffc423,"['http://a.espncdn.com/i/teamlogos/ncaa/500/2572.png', 'http://a.espncdn.com/i/teamlogos/ncaa/500-dark/2572.png']",@SouthernMissFB,"{'id': 3815, 'name': 'M. M. Roberts Stadium', 'city': 'Hattiesburg', 'state': 'MS', 'zip': '39402', 'countryCode': 'US', 'timezone': 'America/Chicago', 'latitude': 31.3289321, 'longitude': -89.3318118, 'elevation': '64.52726746', 'capacity': 36000, 'constructionYear': 1932, 'grass': False, 'dome': False}"
58,South Florida,Bulls,USF,"['USF', 'South Florida']",American Athletic,,fbs,#004A36,#231f20,"['http://a.espncdn.com/i/teamlogos/ncaa/500/58.png', 'http://a.espncdn.com/i/teamlogos/ncaa/500-dark/58.png']",@USFFootball,"{'id': 3886, 'name': 'Raymond James Stadium', 'city': 'Tampa', 'state': 'FL', 'zip': '33620', 'countryCode': 'US', 'timezone': 'America/New_York', 'latitude': 27.9758691, 'longitude': -82.5033344, 'elevation': '11.07972908', 'capacity': 65828, 'constructionYear': 1998, 'grass': True, 'dome': False}"
24,Stanford,Cardinal,STAN,"['STAN', 'Stanford']",ACC,,fbs,#8c1515,#ffffff,"['http://a.espncdn.com/i/teamlogos/ncaa/500/24.png', 'http://a.espncdn.com/i/teamlogos/ncaa/500-dark/24.png']",@StanfordFball,"{'id': 3940, 'name': 'Stanford Stadium', 'city': 'Stanford', 'state': 'CA', 'zip': '94305', 'countryCode': 'US', 'timezone': 'America/Los_Angeles', 'latitude': 37.4345556, 'longitude': -122.1611271, 'elevation': '18.38425636', 'capacity': 50424, 'constructionYear': 2006, 'grass': True, 'dome': False}"
183,Syracuse,Orange,SYR,"['SYR', 'Syracuse']",ACC,,fbs,#ff6500,#000e54,"['http://a.espncdn.com/i/teamlogos/ncaa/500/183.png', 'http://a.espncdn.com/i/teamlogos/ncaa/500-dark/183.png']",@CuseFootball,"{'id': 1964, 'name': 'JMA Wireless Dome', 'city': 'Syracuse', 'state': 'NY', 'zip': '13244', 'countryCode': 'US', 'timezone': 'America/New_York', 'latitude': 43.0362269, 'longitude': -76.1363161, 'elevation': '162.6989746', 'capacity': 49057, 'constructionYear': 1980, 'grass': False, 'dome': True}"
2628,TCU,Horned Frogs,TCU,"['Texas Christian', 'TCU', 'TCU']",Big 12,,fbs,#4d1979,#f1f2f3,"['http://a.espncdn.com/i/teamlogos/ncaa/500/2628.png', 'http://a.espncdn.com/i/teamlogos/ncaa/500-dark/2628.png']",@TCUFootball,"{'id': 3616, 'name': 'Amon G. Carter Stadium', 'city': 'Fort Worth', 'state': 'TX', 'zip': '76129', 'countryCode': 'US', 'timezone': 'America/Chicago', 'latitude': 32.7096604, 'longitude': -97.3680835, 'elevation': '185.4387054', 'capacity': 46000, 'constructionYear': 1929, 'grass': True, 'dome': False}"
218,Temple,Owls,TEM,"['TEM', 'Temple']",American Athletic,,fbs,#A80532,#a7a9ac,"['http://a.espncdn.com/i/teamlogos/ncaa/500/218.png', 'http://a.espncdn.com/i/teamlogos/ncaa/500-dark/218.png']",@Temple_FB,"{'id': 3806, 'name': 'Lincoln Financial Field', 'city': 'Philadelphia', 'state': 'PA', 'zip': '19122', 'countryCode': 'US', 'timezone': 'America/New_York', 'latitude': 39.9007995, 'longitude': -75.1675414, 'elevation': '3.198706865', 'capacity': 69879, 'constructionYear': 2003, 'grass': False, 'dome': False}"
2633,Tennessee,Volunteers,TENN,"['TENN', 'Tennessee']",SEC,,fbs,#ff8200,#58595b,"['http://a.espncdn.com/i/teamlogos/ncaa/500/2633.png', 'http://a.espncdn.com/i/teamlogos/ncaa/500-dark/2633.png']",@Vol_Football,"{'id': 3853, 'name': 'Neyland Stadium', 'city': 'Knoxville', 'state': 'TN', 'zip': '37996', 'countryCode': 'US', 'timezone': 'America/New_York', 'latitude': 35.9550131, 'longitude': -83.9250128, 'elevation': '271.9517212', 'capacity': 102455, 'constructionYear': 1921, 'grass': True, 'dome': False}"
251,Texas,Longhorns,TEX,"['TEX', 'Texas']",SEC,,fbs,#c15d26,#ffffff,"['http://a.espncdn.com/i/teamlogos/ncaa/500/251.png', 'http://a.espncdn.com/i/teamlogos/ncaa/500-dark/251.png']",@TexasFootball,"{'id': 3910, 'name': 'DKR-Texas Memorial Stadium', 'city': 'Austin', 'state': 'TX', 'zip': '78712', 'countryCode': 'US', 'timezone': 'America/Chicago', 'latitude': 30.2836813, 'longitude': -97.7325345, 'elevation': '160.3089447', 'capacity': 100119, 'constructionYear': 1924, 'grass': False, 'dome': False}"
245,Texas A&M,Aggies,TA&M,"['TA&M', 'Texas A&M']",SEC,,fbs,#500000,#ffffff,"['http://a.espncdn.com/i/teamlogos/ncaa/500/245.png', 'http://a.espncdn.com/i/teamlogos/ncaa/500-dark/245.png']",@AggieFootball,"{'id': 3795, 'name': 'Kyle Field', 'city': 'College Station', 'state': 'TX', 'zip': '77843', 'countryCode': 'US', 'timezone': 'America/Chicago', 'latitude': 30.6098891, 'longitude': -96.3403828, 'elevation': '108.824585', 'capacity': 102733, 'constructionYear': 1927, 'grass': True, 'dome': False}"
326,Texas State,Bobcats,TXST,"['TXST', 'Texas St']",Sun Belt,West,fbs,#4e1719,#b4975a,"['http://a.espncdn.com/i/teamlogos/ncaa/500/326.png', 'http://a.espncdn.com/i/teamlogos/ncaa/500-dark/326.png']",@TXStateFootball,"{'id': 3644, 'name': 'Bobcat Stadium (TX)', 'city': 'San Marcos', 'state': 'TX', 'zip': '78666', 'countryCode': 'US', 'timezone': 'America/Chicago', 'latitude': 29.8910008, 'longitude': -97.9255735, 'elevation': '177.8676453', 'capacity': 30000, 'constructionYear': 1981, 'grass': False, 'dome': False}"
2641,Texas Tech,Red Raiders,TTU,"['TTU', 'Texas Tech']",Big 12,,fbs,#CC0000,#000000,"['http://a.espncdn.com/i/teamlogos/ncaa/500/2641.png', 'http://a.espncdn.com/i/teamlogos/ncaa/500-dark/2641.png']",@TexasTechFB,"{'id': 3784, 'name': 'Jones AT&T Stadium', 'city': 'Lubbock', 'state': 'TX', 'zip': '79409', 'countryCode': 'US', 'timezone': 'America/Chicago', 'latitude': 33.5910518, 'longitude': -101.8728824, 'elevation': '980.7632446', 'capacity': 60454, 'constructionYear': 1947, 'grass': False, 'dome': False}"
2649,Toledo,Rockets,TOL,"['TOL', 'Toledo']",Mid-American,,fbs,#0a2240,#ffcd00,"['http://a.espncdn.com/i/teamlogos/ncaa/500/2649.png', 'http://a.espncdn.com/i/teamlogos/ncaa/500-dark/2649.png']",@ToledoFB,"{'id': 3739, 'name': 'Glass Bowl', 'city': 'Toledo', 'state': 'OH', 'zip': '43606', 'countryCode': 'US', 'timezone': 'America/New_York', 'latitude': 41.6574777, 'longitude': -83.6135652, 'elevation': '181.4839783', 'capacity': 26038, 'constructionYear': 1937, 'grass': False, 'dome': False}"
2653,Troy,Trojans,TROY,"['TROY', 'Troy']",Sun Belt,West,fbs,#AE0210,#88898c,"['http://a.espncdn.com/i/teamlogos/ncaa/500/2653.png', 'http://a.espncdn.com/i/teamlogos/ncaa/500-dark/2653.png']",@TroyTrojansFB,"{'id': 3975, 'name': 'Veterans Memorial Stadium (AL)', 'city': 'Troy', 'state': 'AL', 'zip': '36082', 'countryCode': 'US', 'timezone': 'America/Chicago', 'latitude': 31.7995565, 'longitude': -85.9518328, 'elevation': '154.7746277', 'capacity': 30000, 'constructionYear': 1950, 'grass': False, 'dome': False}"
2655,Tulane,Green Wave,TULN,"['TULN', 'Tulane']",American Athletic,,fbs,#006547,#468ac9,"['http://a.espncdn.com/i/teamlogos/ncaa/500/2655.png', 'http://a.espncdn.com/i/teamlogos/ncaa/500-dark/2655.png']",@GreenWaveFB,"{'id': 4729, 'name': 'Yulman Stadium', 'city': 'New Orleans', 'state': 'LA', 'zip': '70118', 'countryCode': 'US', 'timezone': 'America/Chicago', 'latitude': 29.944616, 'longitude': -90.116692, 'elevation': '0.0000000000000000000000000000000000000118', 'capacity': 30000, 'constructionYear': 2014, 'grass': False, 'dome': False}"
202,Tulsa,Golden Hurricane,TLSA,"['TLSA', 'Tulsa']",American Athletic,,fbs,#003595,#d0b787,"['http://a.espncdn.com/i/teamlogos/ncaa/500/202.png', 'http://a.espncdn.com/i/teamlogos/ncaa/500-dark/202.png']",@TulsaFootball,"{'id': 3674, 'name': 'Chapman Stadium', 'city': 'Tulsa', 'state': 'OK', 'zip': '74194', 'countryCode': 'US', 'timezone': 'America/Chicago', 'latitude': 36.1489175, 'longitude': -95.9437853, 'elevation': '235.5928345', 'capacity': 30000, 'constructionYear': 1930, 'grass': False, 'dome': False}"
5,UAB,Blazers,UAB,"['Alabama-Birmingham', 'UAB', 'UAB']",American Athletic,,fbs,#003b28,#ffc845,"['http://a.espncdn.com/i/teamlogos/ncaa/500/5.png', 'http://a.espncdn.com/i/teamlogos/ncaa/500-dark/5.png']",@UAB_FB,"{'id': 7221, 'name': 'Protective Stadium', 'city': 'Birmingham', 'state': 'AL', 'zip': '35203', 'countryCode': 'US', 'timezone': None, 'latitude': 33.5206824, 'longitude': -86.8024326, 'elevation': None, 'capacity': 0, 'constructionYear': None, 'grass': False, 'dome': False}"
2116,UCF,Knights,UCF,"['Central Florida', 'UCF', 'UCF']",Big 12,,fbs,#ba9b37,#000000,"['http://a.espncdn.com/i/teamlogos/ncaa/500/2116.png', 'http://a.espncdn.com/i/teamlogos/ncaa/500-dark/2116.png']",@UCF_Football,"{'id': 3652, 'name': 'FBC Mortgage Stadium', 'city': 'Orlando', 'state': 'FL', 'zip': '32816', 'countryCode': 'US', 'timezone': 'America/New_York', 'latitude': 28.6079765, 'longitude': -81.1927233, 'elevation': '20.94113731', 'capacity': 44206, 'constructionYear': 2007, 'grass': True, 'dome': False}"
26,UCLA,Bruins,UCLA,"['UCLA', 'UCLA']",Big Ten,,fbs,#2774ae,#f2a900,"['http://a.espncdn.com/i/teamlogos/ncaa/500/26.png', 'http://a.espncdn.com/i/teamlogos/ncaa/500-dark/26.png']",@UCLAFootball,"{'id': 1056, 'name': 'Rose Bowl', 'city': 'Pasadena', 'state': 'CA', 'zip': '90095', 'countryCode': 'US', 'timezone': 'America/Los_Angeles', 'latitude': 34.1613284, 'longitude': -118.1676462, 'elevation': '245.1772461', 'capacity': 88565, 'constructionYear': 1922, 'grass': True, 'dome': False}"
41,UConn,Huskies,CONN,"['Connecticut', 'CONN', 'UConn']",FBS Independents,,fbs,#0c2340,#f1f2f3,"['http://a.espncdn.com/i/teamlogos/ncaa/500/41.png', 'http://a.espncdn.com/i/teamlogos/ncaa/500-dark/41.png']",@UConnFootball,"{'id': 3892, 'name': 'Pratt & Whitney Stadium', 'city': 'East Hartford', 'state': 'CT', 'zip': '6118 ', 'countryCode': 'US', 'timezone': 'America/New_York', 'latitude': 41.7595675, 'longitude': -72.6187728, 'elevation': '6.515614986', 'capacity': 40000, 'constructionYear': 2003, 'grass': True, 'dome': False}"
2433,UL Monroe,Warhawks,ULM,"['La.-Monroe', 'ULM', 'UL Monroe']",Sun Belt,West,fbs,#231F20,#b18445,"['http://a.espncdn.com/i/teamlogos/ncaa/500/2433.png', 'http://a.espncdn.com/i/teamlogos/ncaa/500-dark/2433.png']",@ULM_FB,"{'id': 3817, 'name': 'Malone Stadium', 'city': 'Monroe', 'state': 'LA', 'zip': '71209', 'countryCode': 'US', 'timezone': 'America/Chicago', 'latitude': 32.5308089, 'longitude': -92.0660602, 'elevation': '22.998209', 'capacity': 27617, 'constructionYear': 1978, 'grass': False, 'dome': False}"
2439,UNLV,Rebels,UNLV,"['Nevada-Las Vegas', 'UNLV', 'UNLV']",Mountain West,,fbs,#b10202,#ffffff,"['http://a.espncdn.com/i/teamlogos/ncaa/500/2439.png', 'http://a.espncdn.com/i/teamlogos/ncaa/500-dark/2439.png']",@UNLVFootball,"{'id': 6501, 'name': 'Allegiant Stadium', 'city': 'Las Vegas', 'state': 'NV', 'zip': '89154', 'countryCode': 'US', 'timezone': None, 'latitude': 36.1672559, 'longitude': -115.1485163, 'elevation': None, 'capacity': 65000, 'constructionYear': None, 'grass': False, 'dome': True}"
30,USC,Trojans,USC,"['USC', 'USC']",Big Ten,,fbs,#9e2237,#ffcc00,"['http://a.espncdn.com/i/teamlogos/ncaa/500/30.png', 'http://a.espncdn.com/i/teamlogos/ncaa/500-dark/30.png']",@uscfb,"{'id': 477, 'name': 'Los Angeles Memorial Coliseum', 'city': 'Los Angeles', 'state': 'CA', 'zip': '90089', 'countryCode': 'US', 'timezone': 'America/Los_Angeles', 'latitude': 34.014167, 'longitude': -118.287778, 'elevation': '42.50374222', 'capacity': 77500, 'constructionYear': 1923, 'grass': True, 'dome': False}"
254,Utah,Utes,UTAH,"['UTAH', 'Utah']",Big 12,,fbs,#ea002a,#ffffff,"['http://a.espncdn.com/i/teamlogos/ncaa/500/254.png', 'http://a.espncdn.com/i/teamlogos/ncaa/500-dark/254.png']",@Utah_Football,"{'id': 587, 'name': 'Rice-Eccles Stadium', 'city': 'Salt Lake City', 'state': 'UT', 'zip': '84112', 'countryCode': 'US', 'timezone': 'America/Denver', 'latitude': 40.7599724, 'longitude': -111.8488255, 'elevation': '1411.543579', 'capacity': 51444, 'constructionYear': 1998, 'grass': False, 'dome': False}"
328,Utah State,Aggies,USU,"['USU', 'Utah State']",Mountain West,,fbs,#00263a,#949ca1,"['http://a.espncdn.com/i/teamlogos/ncaa/500/328.png', 'http://a.espncdn.com/i/teamlogos/ncaa/500-dark/328.png']",@USUFootball,"{'id': 3905, 'name': 'Maverik Stadium', 'city': 'Logan', 'state': 'UT', 'zip': '84322', 'countryCode': 'US', 'timezone': 'America/Denver', 'latitude': 41.7517394, 'longitude': -111.8116007, 'elevation': '1427.914429', 'capacity': 25513, 'constructionYear': 1968, 'grass': False, 'dome': False}"
2638,UTEP,Miners,UTEP,"['Texas-El Paso', 'UTEP', 'UTEP']",Conference USA,,fbs,#ff8200,#041e42,"['http://a.espncdn.com/i/teamlogos/ncaa/500/2638.png', 'http://a.espncdn.com/i/teamlogos/ncaa/500-dark/2638.png']",@UTEPFB,"{'id': 3946, 'name': 'Sun Bowl', 'city': 'El Paso', 'state': 'TX', 'zip': '79968', 'countryCode': 'US', 'timezone': 'America/Denver', 'latitude': 31.7733353, 'longitude': -106.507957, 'elevation': '1183.697876', 'capacity': 51500, 'constructionYear': 1963, 'grass': False, 'dome': False}"
2636,UTSA,Roadrunners,UTSA,"['Texas-San Antonio', 'UTSA', 'UTSA']",American Athletic,,fbs,#002A5C,#f47321,"['http://a.espncdn.com/i/teamlogos/ncaa/500/2636.png', 'http://a.espncdn.com/i/teamlogos/ncaa/500-dark/2636.png']",,"{'id': 3604, 'name': 'Alamodome', 'city': 'San Antonio', 'state': 'TX', 'zip': '78299', 'countryCode': 'US', 'timezone': 'America/Chicago', 'latitude': 29.4169834, 'longitude': -98.4788143, 'elevation': '201.5526886', 'capacity': 36582, 'constructionYear': 1993, 'grass': False, 'dome': True}"
238,Vanderbilt,Commodores,VAN,"['VAN', 'Vanderbilt']",SEC,,fbs,#866d4b,#000000,"['http://a.espncdn.com/i/teamlogos/ncaa/500/238.png', 'http://a.espncdn.com/i/teamlogos/ncaa/500-dark/238.png']",@VandyFootball,"{'id': 3973, 'name': 'FirstBank Stadium', 'city': 'Nashville', 'state': 'TN', 'zip': '37212', 'countryCode': 'US', 'timezone': 'America/Chicago', 'latitude': 36.1440455, 'longitude': -86.8088942, 'elevation': '159.9194641', 'capacity': 40351, 'constructionYear': 1922, 'grass': False, 'dome': False}"
258,Virginia,Cavaliers,UVA,"['UVA', 'Virginia']",ACC,,fbs,#232d4b,#f84c1e,"['http://a.espncdn.com/i/teamlogos/ncaa/500/258.png', 'http://a.espncdn.com/i/teamlogos/ncaa/500-dark/258.png']",@UVAFootball,"{'id': 3923, 'name': 'Scott Stadium', 'city': 'Charlottesville', 'state': 'VA', 'zip': '22904', 'countryCode': 'US', 'timezone': 'America/New_York', 'latitude': 38.0311801, 'longitude': -78.5137897, 'elevation': '170.4677429', 'capacity': 61500, 'constructionYear': 1931, 'grass': True, 'dome': False}"
259,Virginia Tech,Hokies,VT,"['VT', 'Virginia Tech']",ACC,,fbs,#630031,#cf4520,"['http://a.espncdn.com/i/teamlogos/ncaa/500/259.png', 'http://a.espncdn.com/i/teamlogos/ncaa/500-dark/259.png']",@VT_Football,"{'id': 3799, 'name': 'Lane Stadium', 'city': 'Blacksburg', 'state': 'VA', 'zip': '24061', 'countryCode': 'US', 'timezone': 'America/New_York', 'latitude': 37.2199873, 'longitude': -80.4180643, 'elevation': '632.2631226', 'capacity': 65632, 'constructionYear': 1965, 'grass': True, 'dome': False}"
154,Wake Forest,Demon Deacons,WAKE,"['WAKE', 'Wake Forest']",ACC,,fbs,#9E7E38,#000000,"['http://a.espncdn.com/i/teamlogos/ncaa/500/154.png', 'http://a.espncdn.com/i/teamlogos/ncaa/500-dark/154.png']",@WakeFB,"{'id': 3630, 'name': 'Allegacy Federal Credit Union Stadium', 'city': 'Winston-Salem', 'state': 'NC', 'zip': '27105', 'countryCode': 'US', 'timezone': 'America/New_York', 'latitude': 36.1305507, 'longitude': -80.2545851, 'elevation': '283.548584', 'capacity': 31500, 'constructionYear': 1968, 'grass': False, 'dome': False}"
264,Washington,Huskies,WASH,"['WASH', 'Washington']",Big Ten,,fbs,#33006f,#e8d3a2,"['http://a.espncdn.com/i/teamlogos/ncaa/500/264.png', 'http://a.espncdn.com/i/teamlogos/ncaa/500-dark/264.png']",@UW_Football,"{'id': 3765, 'name': 'Husky Stadium', 'city': 'Seattle', 'state': 'WA', 'zip': '98195', 'countryCode': 'US', 'timezone': 'America/Los_Angeles', 'latitude': 47.6503235, 'longitude': -122.3015746, 'elevation': '11.65622807', 'capacity': 70138, 'constructionYear': 1920, 'grass': False, 'dome': False}"
265,Washington State,Cougars,WSU,"['WSU', 'Washington St']",Pac-12,,fbs,#981e32,#ffffff,"['http://a.espncdn.com/i/teamlogos/ncaa/500/265.png', 'http://a.espncdn.com/i/teamlogos/ncaa/500-dark/265.png']",@WSUCougarFB,"{'id': 3820, 'name': 'Gesa Field', 'city': 'Pullman', 'state': 'WA', 'zip': '99164', 'countryCode': 'US', 'timezone': 'America/Los_Angeles', 'latitude': 46.731831, 'longitude': -117.1604991, 'elevation': '773.9526367', 'capacity': 32952, 'constructionYear': 1972, 'grass': False, 'dome': False}"
98,Western Kentucky,Hilltoppers,WKU,"['WKU', 'Western KY']",Conference USA,,fbs,#F32026,#b3b5b8,"['http://a.espncdn.com/i/teamlogos/ncaa/500/98.png', 'http://a.espncdn.com/i/teamlogos/ncaa/500-dark/98.png']",@WKUFootball,"{'id': 3796, 'name': 'Houchens Industries-L.T. Smith Stadium', 'city': 'Bowling Green', 'state': 'KY', 'zip': '42101', 'countryCode': 'US', 'timezone': 'America/Chicago', 'latitude': 36.9847901, 'longitude': -86.4594041, 'elevation': '154.4346619', 'capacity': 22113, 'constructionYear': 1968, 'grass': False, 'dome': False}"
2711,Western Michigan,Broncos,WMU,"['WMU', 'W Michigan']",Mid-American,,fbs,#532e1f,#8b7f79,"['http://a.espncdn.com/i/teamlogos/ncaa/500/2711.png', 'http://a.espncdn.com/i/teamlogos/ncaa/500-dark/2711.png']",@WMU_Football,"{'id': 3980, 'name': 'Waldo Stadium', 'city': 'Kalamazoo', 'state': 'MI', 'zip': '49008', 'countryCode': 'US', 'timezone': 'America/Detroit', 'latitude': 42.2860064, 'longitude': -85.6007573, 'elevation': '243.8211212', 'capacity': 30200, 'constructionYear': 1939, 'grass': False, 'dome': False}"
277,West Virginia,Mountaineers,WVU,"['WVU', 'West Virginia']",Big 12,,fbs,#002855,#eaaa00,"['http://a.espncdn.com/i/teamlogos/ncaa/500/277.png', 'http://a.espncdn.com/i/teamlogos/ncaa/500-dark/277.png']",@WVUFootball,"{'id': 3842, 'name': 'Milan Puskar Stadium', 'city': 'Morgantown', 'state': 'WV', 'zip': '26507', 'countryCode': 'US', 'timezone': 'America/New_York', 'latitude': 39.6502744, 'longitude': -79.9551873, 'elevation': '327.409668', 'capacity': 60000, 'constructionYear': 1980, 'grass': False, 'dome': False}"
275,Wisconsin,Badgers,WIS,"['WIS', 'Wisconsin']",Big Ten,,fbs,#c4012f,#ffffff,"['http://a.espncdn.com/i/teamlogos/ncaa/500/275.png', 'http://a.espncdn.com/i/teamlogos/ncaa/500-dark/275.png']",@BadgerFootball,"{'id': 347, 'name': 'Camp Randall Stadium', 'city': 'Madison', 'state': 'WI', 'zip': '53711', 'countryCode': 'US', 'timezone': 'America/Chicago', 'latitude': 43.06994, 'longitude': -89.4126943, 'elevation': '263.604126', 'capacity': 80321, 'constructionYear': 1917, 'grass': False, 'dome': False}"
2751,Wyoming,Cowboys,WYO,"['WYO', 'Wyoming']",Mountain West,,fbs,#492f24,#ffc425,"['http://a.espncdn.com/i/teamlogos/ncaa/500/2751.png', 'http://a.espncdn.com/i/teamlogos/ncaa/500-dark/2751.png']",@Wyo_Football,"{'id': 3984, 'name': 'War Memorial Stadium', 'city': 'Laramie', 'state': 'WY', 'zip': '82071', 'countryCode': 'US', 'timezone': 'America/Denver', 'latitude': 41.31161, 'longitude': -105.5681384, 'elevation': '2200.153564', 'capacity': 29181, 'constructionYear': 1950, 'grass': False, 'dome': False}"
